{
	"variants": {
		"axis=y": [
			{"model": "block/basalt"},
			{"model": "block/basalt1"},
			{"model": "block/basalt2"},
			{"model": "block/basalt3"}
		],
		"axis=z": [
			{"model": "block/basalt", "x": 90},
			{"model": "block/basalt1", "x": 90},
			{"model": "block/basalt2", "x": 90},
			{"model": "block/basalt3", "x": 90}
		],
		"axis=x": [
			{"model": "block/basalt", "x": 90, "y": 90},
			{"model": "block/basalt1", "x": 90, "y": 90},
			{"model": "block/basalt2", "x": 90, "y": 90},
			{"model": "block/basalt3", "x": 90, "y": 90}
		]
	}
}