{
	"variants": {
		"type=double": [
			{"model": "block/blackstone_double"},
			{"model": "block/blackstone_double1"},
			{"model": "block/blackstone_double2"},
			{"model": "block/blackstone_double3"},
			{"model": "block/blackstone_double4"},
			{"model": "block/blackstone_double5"}
		],
		"type=bottom": [
			{"model": "block/blackstone_slab"},
			{"model": "block/blackstone_slab", "y": 90},
			{"model": "block/blackstone_slab", "y": 180},
			{"model": "block/blackstone_slab", "y": 270}
		],
		"type=top": [
			{"model": "block/blackstone_slab_top"},
			{"model": "block/blackstone_slab_top", "y": 90},
			{"model": "block/blackstone_slab_top", "y": 180},
			{"model": "block/blackstone_slab_top", "y": 270}
		]
	}
}
