{
	"variants": {
		"type=double": [
			{"model": "block/stone_brick_double"},
			{"model": "block/stone_brick_double1"},
			{"model": "block/stone_brick_double2"}
		],
		"type=bottom": [
			{"model": "block/stone_brick_slab"},
			{"model": "block/stone_brick_slab1"},
			{"model": "block/stone_brick_slab2"},
			{"model": "block/stone_brick_slab3"}
		],
		"type=top": [
			{"model": "block/stone_brick_slab_top"},
			{"model": "block/stone_brick_slab_top1"},
			{"model": "block/stone_brick_slab_top2"},
			{"model": "block/stone_brick_slab_top3"}
		]
	}
}
