{
	"variants": {
		"half=lower": [
			{"model": "block/tall_grass_bottom"},
			{"model": "block/tall_grass_bottom", "y": 90},
			{"model": "block/tall_grass_bottom", "y": 180},
			{"model": "block/tall_grass_bottom", "y": 270},
			{"model": "block/tall_grass_bottom1"},
			{"model": "block/tall_grass_bottom1", "y": 90},
			{"model": "block/tall_grass_bottom1", "y": 180},
			{"model": "block/tall_grass_bottom1", "y": 270},
			{"model": "block/tall_grass_bottom2"},
			{"model": "block/tall_grass_bottom2", "y": 90},
			{"model": "block/tall_grass_bottom2", "y": 180},
			{"model": "block/tall_grass_bottom2", "y": 270}
		],
		"half=upper": [
			{"model": "block/tall_grass_top"},
			{"model": "block/tall_grass_top", "y": 90},
			{"model": "block/tall_grass_top", "y": 180},
			{"model": "block/tall_grass_top", "y": 270},
			{"model": "block/tall_grass_top1"},
			{"model": "block/tall_grass_top1", "y": 90},
			{"model": "block/tall_grass_top1", "y": 180},
			{"model": "block/tall_grass_top1", "y": 270},
			{"model": "block/tall_grass_top2"},
			{"model": "block/tall_grass_top2", "y": 90},
			{"model": "block/tall_grass_top2", "y": 180},
			{"model": "block/tall_grass_top2", "y": 270}
		]
	}
}