{
  "__comment__": "This file was automatically created by mcresources",
  "multipart": [
    {
      "when": {
        "axis": "x"
      },
      "apply": {
        "model": "castirongrill:block/firepit_grill_cast_iron"
      }
    },
    {
      "when": {
        "axis": "z"
      },
      "apply": {
        "model": "castirongrill:block/firepit_grill_cast_iron",
		"y": 90
      }
    },
    {
      "when": {
        "lit": true,
        "axis": "x"
      },
      "apply": {
        "model": "tfc:block/firepit_lit"
      }
    },
    {
      "when": {
        "lit": true,
        "axis": "z"
      },
      "apply": {
        "model": "tfc:block/firepit_lit",
		"y": 270
      }
    },
    {
      "when": {
        "lit": false,
        "axis": "x"
      },
      "apply": {
        "model": "tfc:block/firepit_unlit"
      }
    },
    {
      "when": {
        "lit": false,
        "axis": "z"
      },
      "apply": {
        "model": "tfc:block/firepit_unlit",
		"y": 270
      }
    }
  ]
}