{
  "__comment__": "This file was automatically created by mcresources",
  "variants": {
    "": [
      {
        "model": "afc:block/wood/twig/ancient_rainbow_eucalyptus",
        "y": 90
      },
      {
        "model": "afc:block/wood/twig/ancient_rainbow_eucalyptus"
      },
      {
        "model": "afc:block/wood/twig/ancient_rainbow_eucalyptus",
        "y": 180
      },
      {
        "model": "afc:block/wood/twig/ancient_rainbow_eucalyptus",
        "y": 270
      }
    ]
  }
}