{
	"credit": "Made with Blockbench",
	"textures": {
		"2": "block/brown_block_side",
		"3": "item/brown_block_side2",
		"particle": "item/brown_mushroom"
	},
	"elements": [
		{
			"from": [2.25, 0, 11.25],
			"to": [4.25, 4, 13.25],
			"rotation": {"angle": 22.5, "axis": "y", "origin": [0, 0, 0]},
			"faces": {
				"north": {"uv": [7, 12, 9, 16], "texture": "#2"},
				"east": {"uv": [7, 12, 9, 16], "texture": "#2"},
				"south": {"uv": [7, 12, 9, 16], "texture": "#2"},
				"west": {"uv": [7, 12, 9, 16], "texture": "#2"},
				"up": {"uv": [0, 0, 2, 2], "texture": "#2"},
				"down": {"uv": [0, 0, 2, 2], "texture": "#2"}
			}
		},
		{
			"from": [-0.75, 4, 8.25],
			"to": [7.25, 5, 16.25],
			"rotation": {"angle": 22.5, "axis": "y", "origin": [0, 0, 0]},
			"faces": {
				"north": {"uv": [4, 10, 12, 11], "texture": "#3"},
				"east": {"uv": [4, 10, 12, 11], "texture": "#2"},
				"south": {"uv": [4, 10, 12, 11], "texture": "#2"},
				"west": {"uv": [4, 10, 12, 11], "texture": "#2"},
				"up": {"uv": [4, 0, 12, 8], "texture": "#2"},
				"down": {"uv": [4, 1, 12, 8], "texture": "#2"}
			}
		}
	]
}