{
	"credit": "Made with Blockbench",
	"textures": {
		"2": "block/brown_block_side",
		"3": "item/brown_block_side2",
		"particle": "item/brown_mushroom"
	},
	"elements": [
		{
			"from": [8, 0, 0.5],
			"to": [10, 4, 2.5],
			"rotation": {"angle": -45, "axis": "y", "origin": [0, 0, 0]},
			"faces": {
				"north": {"uv": [7, 12, 9, 16], "texture": "#2"},
				"east": {"uv": [7, 12, 9, 16], "texture": "#2"},
				"south": {"uv": [7, 12, 9, 16], "texture": "#2"},
				"west": {"uv": [7, 12, 9, 16], "texture": "#2"},
				"up": {"uv": [0, 0, 2, 2], "rotation": 90, "texture": "#2"},
				"down": {"uv": [0, 0, 2, 2], "rotation": 270, "texture": "#2"}
			}
		},
		{
			"from": [5, 4, -2.5],
			"to": [13, 7, 5.5],
			"rotation": {"angle": -45, "axis": "y", "origin": [0, 0, 0]},
			"faces": {
				"north": {"uv": [4, 9, 12, 12], "texture": "#2"},
				"east": {"uv": [4, 9, 12, 12], "texture": "#3"},
				"south": {"uv": [4, 9, 12, 12], "texture": "#2"},
				"west": {"uv": [4, 9, 12, 12], "texture": "#2"},
				"up": {"uv": [4, 0, 12, 8], "rotation": 90, "texture": "#2"},
				"down": {"uv": [4, 1, 12, 8], "rotation": 270, "texture": "#2"}
			}
		}
	]
}