{
	"credit": "Made with Blockbench",
	"textures": {
		"2": "block/brown_block_side",
		"3": "item/brown_block_side2",
		"4": "block/brown_block_side_top",
		"particle": "item/brown_mushroom"
	},
	"elements": [
		{
			"from": [6.5, 0, -1],
			"to": [8.5, 3, 1],
			"rotation": {"angle": -45, "axis": "y", "origin": [0, 0, 0]},
			"faces": {
				"north": {"uv": [7, 12, 9, 15], "texture": "#2"},
				"east": {"uv": [7, 12, 9, 15], "texture": "#2"},
				"south": {"uv": [7, 12, 9, 15], "texture": "#2"},
				"west": {"uv": [7, 12, 9, 15], "texture": "#2"},
				"up": {"uv": [0, 0, 2, 2], "texture": "#2"},
				"down": {"uv": [0, 0, 2, 2], "texture": "#2"}
			}
		},
		{
			"from": [4.5, 3, -3],
			"to": [10.5, 4, 3],
			"rotation": {"angle": -45, "axis": "y", "origin": [0, 0, 0]},
			"faces": {
				"north": {"uv": [5, 10, 11, 11], "texture": "#3"},
				"east": {"uv": [5, 10, 11, 11], "texture": "#2"},
				"south": {"uv": [4, 10, 10, 11], "texture": "#2"},
				"west": {"uv": [5, 10, 11, 11], "texture": "#2"},
				"up": {"uv": [6, 0, 12, 6], "texture": "#4"},
				"down": {"uv": [5, 1, 11, 7], "texture": "#2"}
			}
		}
	]
}