{
	"credit": "Made with Blockbench",
	"textures": {
		"2": "block/brown_block_side",
		"3": "item/brown_block_side2",
		"particle": "item/brown_mushroom"
	},
	"elements": [
		{
			"from": [7, 0, 7],
			"to": [9, 3, 9],
			"faces": {
				"north": {"uv": [7, 12, 9, 15], "texture": "#2"},
				"east": {"uv": [7, 12, 9, 15], "texture": "#2"},
				"south": {"uv": [7, 12, 9, 15], "texture": "#2"},
				"west": {"uv": [7, 12, 9, 15], "texture": "#2"},
				"up": {"uv": [0, 0, 2, 2], "texture": "#2"},
				"down": {"uv": [0, 0, 2, 2], "texture": "#2"}
			}
		},
		{
			"from": [4, 3, 4],
			"to": [12, 6, 12],
			"faces": {
				"north": {"uv": [4, 9, 12, 12], "texture": "#3"},
				"east": {"uv": [4, 9, 12, 12], "texture": "#2"},
				"south": {"uv": [4, 9, 12, 12], "texture": "#2"},
				"west": {"uv": [4, 9, 12, 12], "texture": "#2"},
				"up": {"uv": [4, 0, 12, 8], "texture": "#2"},
				"down": {"uv": [4, 1, 12, 8], "texture": "#2"}
			}
		}
	]
}