{
	"credit": "Made with Blockbench",
	"textures": {
		"2": "block/brown_block_side",
		"3": "item/brown_block_side2",
		"particle": "item/brown_mushroom"
	},
	"elements": [
		{
			"from": [7.75, 0, 3],
			"to": [9.75, 3, 5],
			"faces": {
				"north": {"uv": [7, 12, 9, 15], "texture": "#2"},
				"east": {"uv": [7, 12, 9, 15], "texture": "#2"},
				"south": {"uv": [7, 12, 9, 15], "texture": "#2"},
				"west": {"uv": [7, 12, 9, 15], "texture": "#2"},
				"up": {"uv": [0, 0, 2, 2], "rotation": 270, "texture": "#2"},
				"down": {"uv": [0, 0, 2, 2], "rotation": 90, "texture": "#2"}
			}
		},
		{
			"from": [5.75, 3, 1],
			"to": [11.75, 5, 7],
			"faces": {
				"north": {"uv": [5, 9, 11, 11], "texture": "#2"},
				"east": {"uv": [6, 9, 12, 11], "texture": "#2"},
				"south": {"uv": [5, 9, 11, 11], "texture": "#2"},
				"west": {"uv": [5, 9, 11, 11], "texture": "#3"},
				"up": {"uv": [4, 2, 10, 8], "rotation": 270, "texture": "#2"},
				"down": {"uv": [5, 1, 11, 7], "rotation": 90, "texture": "#2"}
			}
		}
	]
}