{
	"credit": "Made with Blockbench",
	"textures": {
		"2": "block/brown_block_side",
		"3": "item/brown_block_side2",
		"particle": "item/brown_mushroom"
	},
	"elements": [
		{
			"from": [10.75, 0, 0],
			"to": [12.75, 3, 2],
			"rotation": {"angle": -22.5, "axis": "y", "origin": [0, 0, 0]},
			"faces": {
				"north": {"uv": [7, 12, 9, 15], "texture": "#2"},
				"east": {"uv": [7, 12, 9, 15], "texture": "#2"},
				"south": {"uv": [7, 12, 9, 15], "texture": "#2"},
				"west": {"uv": [7, 12, 9, 15], "texture": "#2"},
				"up": {"uv": [0, 0, 2, 2], "rotation": 270, "texture": "#2"},
				"down": {"uv": [0, 0, 2, 2], "rotation": 90, "texture": "#2"}
			}
		},
		{
			"from": [8.75, 3, -2],
			"to": [14.75, 5, 4],
			"rotation": {"angle": -22.5, "axis": "y", "origin": [0, 0, 0]},
			"faces": {
				"north": {"uv": [5, 9, 11, 11], "texture": "#2"},
				"east": {"uv": [6, 9, 12, 11], "texture": "#2"},
				"south": {"uv": [5, 9, 11, 11], "texture": "#2"},
				"west": {"uv": [5, 9, 11, 11], "texture": "#3"},
				"up": {"uv": [5, 1, 11, 7], "rotation": 270, "texture": "#2"},
				"down": {"uv": [5, 1, 11, 7], "rotation": 90, "texture": "#2"}
			}
		}
	]
}