{
	"credit": "Made with Blockbench",
	"parent": "block/block",
	"ambientocclusion": false,
	"textures": {
		"4": "block/cactus_side",
		"5": "block/cactus_spikes_top",
		"particle": "block/cactus_side",
		"bottom": "block/cactus_bottom",
		"top": "block/cactus_top",
		"side": "block/cactus_spikes"
	},
	"elements": [
		{
			"from": [1.5, 0, 1.5],
			"to": [14.5, 16, 14.5],
			"faces": {
				"north": {"uv": [1, 0, 14, 16], "texture": "#4"},
				"east": {"uv": [1, 0, 14, 16], "texture": "#4"},
				"south": {"uv": [1, 0, 14, 16], "texture": "#4"},
				"west": {"uv": [1, 0, 14, 16], "texture": "#4"},
				"up": {"uv": [2, 2, 15, 15], "texture": "#top"},
				"down": {"uv": [2, 2, 15, 15], "texture": "#bottom"}
			}
		},
		{
			"from": [12.5, 0, 0.5],
			"to": [12.5, 16, 15.5],
			"faces": {
				"north": {"uv": [2, 0, 14, 16], "texture": "#side"},
				"east": {"uv": [0, 0, 16, 16], "texture": "#side"},
				"south": {"uv": [2, 0, 14, 16], "texture": "#side"},
				"west": {"uv": [16, 0, 0, 16], "texture": "#side"},
				"up": {"uv": [8, 1, 9, 2], "texture": "#top"},
				"down": {"uv": [12, 12, 13, 13], "texture": "#top"}
			}
		},
		{
			"from": [8, 0, 0.5],
			"to": [8, 16, 15.5],
			"faces": {
				"north": {"uv": [2, 0, 14, 16], "texture": "#side"},
				"east": {"uv": [16, 0, 0, 16], "texture": "#side"},
				"south": {"uv": [2, 0, 14, 16], "texture": "#side"},
				"west": {"uv": [0, 0, 16, 16], "texture": "#side"},
				"up": {"uv": [8, 1, 9, 2], "rotation": 180, "texture": "#top"},
				"down": {"uv": [12, 12, 13, 13], "rotation": 180, "texture": "#top"}
			}
		},
		{
			"from": [3.5, 0, 0.5],
			"to": [3.5, 16, 15.5],
			"faces": {
				"north": {"uv": [2, 0, 14, 16], "texture": "#side"},
				"east": {"uv": [16, 0, 0, 16], "texture": "#side"},
				"south": {"uv": [2, 0, 14, 16], "texture": "#side"},
				"west": {"uv": [0, 0, 16, 16], "texture": "#side"},
				"up": {"uv": [8, 1, 9, 2], "rotation": 180, "texture": "#top"},
				"down": {"uv": [12, 12, 13, 13], "rotation": 180, "texture": "#top"}
			}
		},
		{
			"from": [0, 16, 2],
			"to": [0, 17, 14],
			"rotation": {"angle": 45, "axis": "y", "origin": [0, 0, 0], "rescale": true},
			"faces": {
				"north": {"uv": [2, 0, 14, 16], "texture": "#5"},
				"east": {"uv": [16, 0, 0, 1], "texture": "#5"},
				"south": {"uv": [2, 0, 14, 16], "texture": "#5"},
				"west": {"uv": [0, 0, 16, 1], "texture": "#5"},
				"up": {"uv": [8, 1, 9, 2], "rotation": 180, "texture": "#5"},
				"down": {"uv": [12, 12, 13, 13], "rotation": 180, "texture": "#5"}
			}
		},
		{
			"from": [8, 16, -6],
			"to": [8, 17, 6],
			"rotation": {"angle": -45, "axis": "y", "origin": [0, 0, 0], "rescale": true},
			"faces": {
				"north": {"uv": [2, 0, 14, 16], "texture": "#5"},
				"east": {"uv": [0, 15, 16, 16], "texture": "#5"},
				"south": {"uv": [2, 0, 14, 16], "texture": "#5"},
				"west": {"uv": [16, 15, 0, 16], "texture": "#5"},
				"up": {"uv": [8, 1, 9, 2], "texture": "#5"},
				"down": {"uv": [12, 12, 13, 13], "texture": "#5"}
			}
		},
		{
			"from": [0.5, 0, 3.5],
			"to": [15.5, 16, 3.5],
			"faces": {
				"north": {"uv": [16, 0, 0, 16], "texture": "#side"},
				"east": {"uv": [2, 0, 14, 16], "texture": "#side"},
				"south": {"uv": [16, 0, 0, 16], "texture": "#side"},
				"west": {"uv": [2, 0, 14, 16], "texture": "#side"},
				"up": {"uv": [8, 1, 9, 2], "rotation": 270, "texture": "#top"},
				"down": {"uv": [12, 12, 13, 13], "rotation": 90, "texture": "#top"}
			}
		},
		{
			"from": [0.5, 0, 8],
			"to": [15.5, 16, 8],
			"faces": {
				"north": {"uv": [0, 0, 16, 16], "texture": "#side"},
				"east": {"uv": [2, 0, 14, 16], "texture": "#side"},
				"south": {"uv": [16, 0, 0, 16], "rotation": 180, "texture": "#side"},
				"west": {"uv": [2, 0, 14, 16], "texture": "#side"},
				"up": {"uv": [8, 1, 9, 2], "rotation": 270, "texture": "#top"},
				"down": {"uv": [12, 12, 13, 13], "rotation": 90, "texture": "#top"}
			}
		},
		{
			"from": [0.5, 0, 12.5],
			"to": [15.5, 16, 12.5],
			"faces": {
				"north": {"uv": [16, 0, 0, 16], "texture": "#side"},
				"east": {"uv": [2, 0, 14, 16], "texture": "#side"},
				"south": {"uv": [0, 0, 16, 16], "rotation": 180, "texture": "#side"},
				"west": {"uv": [2, 0, 14, 16], "texture": "#side"},
				"up": {"uv": [8, 1, 9, 2], "rotation": 90, "texture": "#top"},
				"down": {"uv": [12, 12, 13, 13], "rotation": 270, "texture": "#top"}
			}
		}
	]
}