{
	"credit": "Made with Blockbench",
	"textures": {
		"0": "block/bamboo_door_top",
		"1": "block/bamboo_door_sides",
		"particle": "block/bamboo_door_sides"
	},
	"elements": [
		{
			"from": [0, 0, 0],
			"to": [3, 2, 16],
			"faces": {
				"north": {"uv": [6, 14, 9, 16], "texture": "#1"},
				"east": {"uv": [0, 14, 16, 16], "texture": "#0"},
				"south": {"uv": [0, 14, 3, 16], "texture": "#1"},
				"west": {"uv": [16, 14, 0, 16], "texture": "#0"},
				"up": {"uv": [9, 0, 12, 16], "rotation": 180, "texture": "#1"},
				"down": {"uv": [12, 0, 15, 16], "rotation": 180, "texture": "#1"}
			}
		},
		{
			"from": [0, 2, 12],
			"to": [3, 12, 16],
			"faces": {
				"north": {"uv": [6, 4, 9, 14], "texture": "#1"},
				"east": {"uv": [0, 4, 4, 14], "texture": "#0"},
				"south": {"uv": [0, 4, 3, 14], "texture": "#1"},
				"west": {"uv": [4, 4, 0, 14], "texture": "#0"}
			}
		},
		{
			"from": [0, 2, 0],
			"to": [3, 12, 4],
			"faces": {
				"north": {"uv": [6, 4, 9, 14], "texture": "#1"},
				"east": {"uv": [12, 4, 16, 14], "texture": "#0"},
				"south": {"uv": [9, 5, 12, 15], "texture": "#1"},
				"west": {"uv": [16, 4, 12, 14], "texture": "#0"}
			}
		},
		{
			"from": [0, 12, 0],
			"to": [3, 16, 16],
			"faces": {
				"north": {"uv": [6, 0, 9, 4], "texture": "#1"},
				"east": {"uv": [0, 0, 16, 4], "texture": "#0"},
				"south": {"uv": [0, 0, 3, 4], "texture": "#1"},
				"west": {"uv": [16, 0, 0, 4], "texture": "#0"},
				"up": {"uv": [12, 0, 15, 16], "rotation": 180, "texture": "#1"},
				"down": {"uv": [12, 0, 15, 16], "rotation": 180, "texture": "#1"}
			}
		},
		{
			"from": [1.5, 2, 4],
			"to": [1.5, 12, 12],
			"faces": {
				"east": {"uv": [4, 4, 12, 14], "texture": "#0"},
				"west": {"uv": [12, 4, 4, 14], "texture": "#0"}
			}
		}
	]
}