{
	"credit": "Made with Blockbench",
	"parent": "block/block",
	"textures": {
		"0": "block/birch_leaves",
		"1": "block/birch_leaves_extra_b",
		"2": "block/birch_leaves_extra_t",
		"particle": "block/birch_leaves"
	},
	"elements": [
		{
			"name": "Element",
			"from": [0, 0, 0],
			"to": [16, 16, 16],
			"faces": {
				"north": {"uv": [0, 0, 16, 16], "texture": "#0", "cullface": "north"},
				"east": {"uv": [0, 0, 16, 16], "texture": "#0", "cullface": "east"},
				"south": {"uv": [0, 0, 16, 16], "texture": "#0", "cullface": "south"},
				"west": {"uv": [0, 0, 16, 16], "texture": "#0", "cullface": "west"},
				"up": {"uv": [0, 0, 16, 16], "texture": "#0", "cullface": "up"},
				"down": {"uv": [16, 16, 0, 0], "texture": "#0", "cullface": "down"}
			}
		},
		{
			"name": "Element",
			"from": [8.1, -9, -9],
			"to": [8.1, 23, 23],
			"shade": false,
			"rotation": {"angle": -22.5, "axis": "y", "origin": [8, 8, 8]},
			"faces": {
				"east": {"uv": [0, 0, 16, 16], "texture": "#1"},
				"west": {"uv": [0, 0, 16, 16], "texture": "#1"}
			}
		},
		{
			"name": "Element",
			"from": [8, -8, -9],
			"to": [8, 24, 23],
			"shade": false,
			"rotation": {"angle": -22.5, "axis": "y", "origin": [8, 8, 8]},
			"faces": {
				"east": {"uv": [0, 0, 16, 16], "texture": "#2"},
				"west": {"uv": [0, 0, 16, 16], "texture": "#2"}
			}
		},
		{
			"name": "Element",
			"from": [-7, -9, 8.1],
			"to": [25, 23, 8.1],
			"shade": false,
			"rotation": {"angle": -22.5, "axis": "y", "origin": [8, 8, 8]},
			"faces": {
				"north": {"uv": [0, 0, 16, 16], "texture": "#1"},
				"south": {"uv": [0, 0, 16, 16], "texture": "#1"}
			}
		},
		{
			"name": "Element",
			"from": [-7, -8, 8],
			"to": [25, 24, 8],
			"shade": false,
			"rotation": {"angle": -22.5, "axis": "y", "origin": [8, 8, 8]},
			"faces": {
				"north": {"uv": [0, 0, 16, 16], "texture": "#2"},
				"south": {"uv": [0, 0, 16, 16], "texture": "#2"}
			}
		}
	]
}