{
	"credit": "Made with Blockbench",
	"textures": {
		"3": "block/birch_trapdoor",
		"5": "block/door_side9",
		"particle": "block/birch_trapdoor"
	},
	"elements": [
		{
			"from": [0, 0, 13],
			"to": [3, 16, 16],
			"faces": {
				"north": {"uv": [0, 0, 3, 16], "rotation": 180, "texture": "#3"},
				"east": {"uv": [9, 3, 12, 13], "rotation": 180, "texture": "#5"},
				"south": {"uv": [0, 0, 3, 16], "texture": "#3"},
				"west": {"uv": [9, 0, 12, 16], "texture": "#5"},
				"up": {"uv": [9, 13, 12, 16], "rotation": 90, "texture": "#5"},
				"down": {"uv": [9, 13, 12, 16], "rotation": 90, "texture": "#5"}
			}
		},
		{
			"from": [13, 0, 13],
			"to": [16, 16, 16],
			"faces": {
				"north": {"uv": [13, 0, 16, 16], "rotation": 180, "texture": "#3"},
				"east": {"uv": [9, 0, 12, 16], "rotation": 180, "texture": "#5"},
				"south": {"uv": [13, 0, 16, 16], "texture": "#3"},
				"west": {"uv": [9, 3, 12, 13], "texture": "#5"},
				"up": {"uv": [9, 0, 12, 3], "rotation": 90, "texture": "#5"},
				"down": {"uv": [9, 0, 12, 3], "rotation": 90, "texture": "#5"}
			}
		},
		{
			"from": [3, 0, 13],
			"to": [13, 3, 16],
			"faces": {
				"north": {"uv": [3, 0, 13, 3], "rotation": 180, "texture": "#3"},
				"south": {"uv": [3, 13, 13, 16], "texture": "#3"},
				"up": {"uv": [9, 3, 12, 13], "rotation": 90, "texture": "#5"},
				"down": {"uv": [9, 3, 12, 13], "rotation": 90, "texture": "#5"}
			}
		},
		{
			"from": [3, 13, 13],
			"to": [13, 16, 16],
			"faces": {
				"north": {"uv": [3, 13, 13, 16], "rotation": 180, "texture": "#3"},
				"south": {"uv": [3, 0, 13, 3], "texture": "#3"},
				"up": {"uv": [9, 3, 12, 13], "rotation": 90, "texture": "#5"},
				"down": {"uv": [9, 3, 12, 13], "rotation": 270, "texture": "#5"}
			}
		},
		{
			"from": [3, 3, 14.5],
			"to": [13, 13, 14.5],
			"faces": {
				"north": {"uv": [3, 3, 13, 13], "rotation": 180, "texture": "#3"},
				"south": {"uv": [3, 3, 13, 13], "texture": "#3"}
			}
		}
	],
	"display": {
		"thirdperson_righthand": {
			"rotation": [50, 50, 0],
			"translation": [0, 5, 1],
			"scale": [0.5, 0.5, 0.5]
		},
		"thirdperson_lefthand": {
			"rotation": [50, 50, 0],
			"translation": [0, 5, 1],
			"scale": [0.5, 0.5, 0.5]
		},
		"firstperson_righthand": {
			"rotation": [0, -45, 0],
			"translation": [0, 5, -1],
			"scale": [0.5, 0.5, 0.5]
		},
		"firstperson_lefthand": {
			"rotation": [0, 45, 0],
			"translation": [0, 5, -1],
			"scale": [0.5, 0.5, 0.5]
		},
		"ground": {
			"translation": [0, 2, 0],
			"scale": [0.3, 0.3, 0.3]
		},
		"gui": {
			"rotation": [32, -44, 0],
			"translation": [0, 0.5, 0],
			"scale": [0.65, 0.65, 0.65]
		},
		"fixed": {
			"scale": [0.5, 0.5, 0.5]
		}
	}
}